Periode;CBS_gemeente;Aantal inwoners
2020;Aalten;27121
2021;Aalten;27120
2022;Aalten;27100
2023;Aalten;27244
2024;Aalten;27308
2020;Apeldoorn;163818
2021;Apeldoorn;164781
2022;Apeldoorn;165611
2023;Apeldoorn;167191
2024;Apeldoorn;168211
2020;Arnhem;161348
2021;Arnhem;162424
2022;Arnhem;163888
2023;Arnhem;165770
2024;Arnhem;167632
2020;Barneveld;59082
2021;Barneveld;59992
2022;Barneveld;60584
2023;Barneveld;61655
2024;Barneveld;62592
2020;Berg en Dal;34992
2021;Berg en Dal;35010
2022;Berg en Dal;34951
2023;Berg en Dal;35420
2024;Berg en Dal;35474
2020;Berkelland;43747
2021;Berkelland;43846
2022;Berkelland;43850
2023;Berkelland;44022
2024;Berkelland;43933
2020;Beuningen;25890
2021;Beuningen;26157
2022;Beuningen;26235
2023;Beuningen;26573
2024;Beuningen;26725
2020;Bronckhorst;36055
2021;Bronckhorst;36087
2022;Bronckhorst;36077
2023;Bronckhorst;36277
2024;Bronckhorst;36119
2020;Brummen;20726
2021;Brummen;20884
2022;Brummen;20890
2023;Brummen;21105
2024;Brummen;21286
2020;Buren;26749
2021;Buren;27009
2022;Buren;27155
2023;Buren;27725
2024;Buren;27773
2020;Culemborg;28955
2021;Culemborg;29121
2022;Culemborg;29397
2023;Culemborg;29729
2024;Culemborg;29944
2020;Doesburg;11077
2021;Doesburg;11064
2022;Doesburg;11036
2023;Doesburg;11081
2024;Doesburg;11079
2020;Doetinchem;58001
2021;Doetinchem;58270
2022;Doetinchem;58546
2023;Doetinchem;59195
2024;Doetinchem;59623
2020;Druten;18926
2021;Druten;18991
2022;Druten;19178
2023;Druten;19505
2024;Druten;19590
2020;Duiven;25126
2021;Duiven;25066
2022;Duiven;24946
2023;Duiven;24937
2024;Duiven;24872
2020;Ede;117165
2021;Ede;118530
2022;Ede;119986
2023;Ede;122012
2024;Ede;123532
2020;Elburg;23161
2021;Elburg;23429
2022;Elburg;23740
2023;Elburg;24037
2024;Elburg;23906
2020;Epe;33178
2021;Epe;33198
2022;Epe;33257
2023;Epe;33283
2024;Epe;33168
2020;Ermelo;27008
2021;Ermelo;27016
2022;Ermelo;27258
2023;Ermelo;27496
2024;Ermelo;27856
2020;Harderwijk;48414
2021;Harderwijk;48726
2022;Harderwijk;48857
2023;Harderwijk;48906
2024;Harderwijk;49387
2020;Hattem;12209
2021;Hattem;12228
2022;Hattem;12307
2023;Hattem;12563
2024;Hattem;12624
2020;Heerde;18589
2021;Heerde;18776
2022;Heerde;18976
2023;Heerde;19214
2024;Heerde;19226
2020;Heumen;16454
2021;Heumen;16569
2022;Heumen;17175
2023;Heumen;16824
2024;Heumen;16836
2020;Lingewaard;46601
2021;Lingewaard;46822
2022;Lingewaard;46963
2023;Lingewaard;47220
2024;Lingewaard;47314
2020;Lochem;33729
2021;Lochem;33948
2022;Lochem;34069
2023;Lochem;34314
2024;Lochem;34289
2020;Maasdriel;25030
2021;Maasdriel;25452
2022;Maasdriel;25504
2023;Maasdriel;26020
2024;Maasdriel;26197
2020;Montferland;36011
2021;Montferland;36031
2022;Montferland;36359
2023;Montferland;36882
2024;Montferland;36873
2020;Neder-Betuwe;24339
2021;Neder-Betuwe;24648
2022;Neder-Betuwe;25032
2023;Neder-Betuwe;25448
2024;Neder-Betuwe;25708
2020;Nijkerk;43171
2021;Nijkerk;43600
2022;Nijkerk;44311
2023;Nijkerk;44975
2024;Nijkerk;45361
2020;Nijmegen;177659
2021;Nijmegen;177359
2022;Nijmegen;179100
2023;Nijmegen;182480
2024;Nijmegen;187049
2020;Nunspeet;27851
2021;Nunspeet;28021
2022;Nunspeet;28223
2023;Nunspeet;28731
2024;Nunspeet;29072
2020;Oldebroek;23646
2021;Oldebroek;23760
2022;Oldebroek;23930
2023;Oldebroek;24264
2024;Oldebroek;24281
2020;Oost Gelre;29627
2021;Oost Gelre;29574
2022;Oost Gelre;29603
2023;Oost Gelre;29846
2024;Oost Gelre;29969
2020;Oude IJsselstreek;39388
2021;Oude IJsselstreek;39346
2022;Oude IJsselstreek;39387
2023;Oude IJsselstreek;39613
2024;Oude IJsselstreek;39402
2020;Overbetuwe;47906
2021;Overbetuwe;48214
2022;Overbetuwe;48266
2023;Overbetuwe;48707
2024;Overbetuwe;48919
2020;Putten;24112
2021;Putten;24365
2022;Putten;24598
2023;Putten;24904
2024;Putten;24978
2020;Renkum;31419
2021;Renkum;31417
2022;Renkum;31358
2023;Renkum;31461
2024;Renkum;31419
2020;Rheden;43761
2021;Rheden;43525
2022;Rheden;43435
2023;Rheden;43570
2024;Rheden;43661
2020;Rozendaal;1704
2021;Rozendaal;1726
2022;Rozendaal;1756
2023;Rozendaal;1754
2024;Rozendaal;1831
2020;Scherpenzeel;9880
2021;Scherpenzeel;10128
2022;Scherpenzeel;10317
2023;Scherpenzeel;10386
2024;Scherpenzeel;10343
2020;Tiel;42159
2021;Tiel;41920
2022;Tiel;42277
2023;Tiel;42604
2024;Tiel;42370
2020;Voorst;24552
2021;Voorst;24790
2022;Voorst;24994
2023;Voorst;25215
2024;Voorst;25377
2020;Wageningen;39664
2021;Wageningen;39635
2022;Wageningen;39939
2023;Wageningen;40960
2024;Wageningen;42579
2020;West Betuwe;51128
2021;West Betuwe;51496
2022;West Betuwe;51971
2023;West Betuwe;52720
2024;West Betuwe;52948
2020;West Maas en Waal;19324
2021;West Maas en Waal;19581
2022;West Maas en Waal;19675
2023;West Maas en Waal;20065
2024;West Maas en Waal;20330
2020;Westervoort;14971
2021;Westervoort;15014
2022;Westervoort;14944
2023;Westervoort;15114
2024;Westervoort;15151
2020;Wijchen;41110
2021;Wijchen;41261
2022;Wijchen;41344
2023;Wijchen;41537
2024;Wijchen;41545
2020;Winterswijk;28854
2021;Winterswijk;29022
2022;Winterswijk;29185
2023;Winterswijk;29253
2024;Winterswijk;29231
2020;Zaltbommel;28881
2021;Zaltbommel;29447
2022;Zaltbommel;29957
2023;Zaltbommel;30349
2024;Zaltbommel;30385
2020;Zevenaar;43750
2021;Zevenaar;44096
2022;Zevenaar;44645
2023;Zevenaar;45042
2024;Zevenaar;45041
2020;Zutphen;47934
2021;Zutphen;48111
2022;Zutphen;48330
2023;Zutphen;48510
2024;Zutphen;48752
